id,room_type,host_response_time,review_scores_value
26562,Entire home/apt,within a day,4.98
43355,Entire home/apt,within a day,3.43
261875,Entire home/apt,within a day,4.97
528263,Entire home/apt,within a day,4.38
718556,Entire home/apt,within a day,4.46
528274,Entire home/apt,within a day,4.5
582886,Entire home/apt,within a day,4.5
584317,Entire home/apt,within a day,4.5
84820,Entire home/apt,within a day,4.75
259807,Entire home/apt,within a day,4.75
510375,Entire home/apt,within a day,4.75
538222,Entire home/apt,within a day,4.75
171658,Entire home/apt,within a day,5.0
69083,Entire home/apt,within a day,5.0
70858,Entire home/apt,within a day,5.0
642234,Entire home/apt,within a day,5.0
618641,Private room,within a day,5.0
50738,Entire home/apt,within a day,4.51
434658,Entire home/apt,within a day,4.51
309092,Entire home/apt,within a day,4.76
434981,Entire home/apt,within a day,4.76
477766,Entire home/apt,within a day,4.76
393975,Entire home/apt,within a day,4.52
57766,Entire home/apt,within a day,4.53
470361,Entire home/apt,within a day,4.53
500580,Entire home/apt,within a day,4.78
726278,Entire home/apt,within a day,4.29
576992,Entire home/apt,within a day,4.79
636632,Entire home/apt,within a day,4.79
272351,Entire home/apt,within a day,4.55
335484,Entire home/apt,within a day,4.8
784444,Entire home/apt,within a day,4.8
313180,Private room,within a day,4.56
384990,Entire home/apt,within a day,4.56
39948,Private room,within a day,4.81
285786,Entire home/apt,within a day,4.81
247764,Entire home/apt,within a day,4.81
505610,Entire home/apt,within a day,4.81
61016,Entire home/apt,within a day,4.57
182744,Entire home/apt,within a day,4.82
195564,Entire home/apt,within a day,4.82
110322,Entire home/apt,within a day,4.58
419758,Entire home/apt,within a day,4.58
727473,Entire home/apt,within a day,4.58
39651,Entire home/apt,within a day,4.83
98322,Entire home/apt,within a day,4.83
522835,Entire home/apt,within a day,4.83
566668,Entire home/apt,within a day,4.83
721414,Entire home/apt,within a day,4.83
612014,Entire home/apt,within a day,4.83
252095,Entire home/apt,within a day,4.59
429194,Entire home/apt,within a day,4.84
552916,Private room,within a day,4.84
423502,Entire home/apt,within a day,4.6
566186,Entire home/apt,within a day,4.6
139074,Entire home/apt,within a day,4.85
314294,Entire home/apt,within a day,4.85
475005,Entire home/apt,within a day,4.85
579343,Entire home/apt,within a day,4.85
168652,Entire home/apt,within a day,4.61
220063,Private room,within a day,4.61
563587,Entire home/apt,within a day,4.61
727265,Entire home/apt,within a day,4.61
656822,Private room,within a day,4.86
468471,Entire home/apt,within a day,4.62
420981,Entire home/apt,within a day,4.87
642059,Private room,within a day,4.87
518231,Private room,within a day,4.63
632968,Entire home/apt,within a day,4.63
23441,Entire home/apt,within a day,4.64
440849,Entire home/apt,within a day,4.64
406852,Entire home/apt,within a day,4.64
503376,Entire home/apt,within a day,4.4
76400,Entire home/apt,within a day,4.65
302194,Entire home/apt,within a day,4.65
601294,Entire home/apt,within a day,4.65
650980,Entire home/apt,within a day,4.65
784863,Entire home/apt,within a day,4.65
40174,Entire home/apt,within a day,4.41
63480,Entire home/apt,within a day,4.66
243961,Entire home/apt,within a day,4.66
343862,Entire home/apt,within a day,4.66
565747,Entire home/apt,within a day,4.66
623042,Entire home/apt,within a day,4.66
344230,Entire home/apt,within a day,4.91
115655,Entire home/apt,within a day,4.42
332253,Entire home/apt,within a day,4.42
432800,Entire home/apt,within a day,4.42
10586,Entire home/apt,within a day,4.67
10588,Entire home/apt,within a day,4.67
71495,Entire home/apt,within a day,4.67
221745,Entire home/apt,within a day,4.67
422295,Entire home/apt,within a day,4.67
427512,Entire home/apt,within a day,4.67
63881,Entire home/apt,within a day,4.68
208080,Entire home/apt,within a day,4.68
371716,Entire home/apt,within a day,4.68
534266,Entire home/apt,within a day,4.68
486114,Entire home/apt,within a day,4.68
61259,Entire home/apt,within a day,4.69
209025,Entire home/apt,within a day,4.69
125686,Entire home/apt,within a day,4.69
747874,Entire home/apt,within a day,4.69
665192,Entire home/apt,within a day,4.69
532991,Entire home/apt,within a day,4.94
419757,Entire home/apt,within a day,4.45
321624,Entire home/apt,within a day,4.7
507193,Entire home/apt,within a day,4.7
571966,Entire home/apt,within a day,4.7
478380,Entire home/apt,within a day,4.7
554704,Entire home/apt,within a day,4.7
648659,Entire home/apt,within a day,4.7
21004,Entire home/apt,within a day,4.71
205140,Private room,within a day,4.71
290633,Entire home/apt,within a day,4.71
422409,Entire home/apt,within a day,4.71
423770,Entire home/apt,within a day,4.72
568394,Entire home/apt,within a day,4.72
602805,Entire home/apt,within a day,4.72
786714,Entire home/apt,within a day,4.72
80301,Private room,within a day,4.73
412379,Entire home/apt,within a day,4.73
715817,Entire home/apt,within a day,4.73
250378,Entire home/apt,within a day,4.74
72427,Entire home/apt,within an hour,4.39
246647,Entire home/apt,within an hour,4.33
117964,Entire home/apt,within an hour,3.75
517897,Entire home/apt,within an hour,4.0
153674,Entire home/apt,within an hour,4.5
306624,Entire home/apt,within an hour,4.5
510983,Private room,within an hour,4.5
639454,Entire home/apt,within an hour,4.5
745338,Entire home/apt,within an hour,4.5
667602,Private room,within an hour,4.5
19306,Entire home/apt,within an hour,4.75
529711,Entire home/apt,within an hour,4.75
541521,Entire home/apt,within an hour,4.75
615021,Entire home/apt,within an hour,4.75
216546,Entire home/apt,within an hour,5.0
551560,Entire home/apt,within an hour,4.51
16626,Private room,within an hour,4.76
287674,Entire home/apt,within an hour,4.76
78366,Entire home/apt,within an hour,4.76
524067,Entire home/apt,within an hour,4.76
586642,Entire home/apt,within an hour,4.76
751883,Entire home/apt,within an hour,4.76
661277,Entire home/apt,within an hour,4.52
38303,Private room,within an hour,4.77
105210,Entire home/apt,within an hour,4.77
629392,Entire home/apt,within an hour,4.77
746611,Entire home/apt,within an hour,4.77
547904,Entire home/apt,within an hour,4.53
729422,Entire home/apt,within an hour,4.53
566867,Entire home/apt,within an hour,4.78
655567,Entire home/apt,within an hour,4.78
742950,Entire home/apt,within an hour,4.78
666408,Entire home/apt,within an hour,4.78
312477,Entire home/apt,within an hour,4.29
5396,Entire home/apt,within an hour,4.54
151020,Entire home/apt,within an hour,4.79
42507,Entire home/apt,within an hour,4.79
111270,Entire home/apt,within an hour,4.79
122222,Entire home/apt,within an hour,4.79
412350,Entire home/apt,within an hour,4.79
391189,Private room,within an hour,4.79
469712,Entire home/apt,within an hour,4.79
574232,Entire home/apt,within an hour,4.79
579977,Entire home/apt,within an hour,4.79
611387,Entire home/apt,within an hour,4.79
653458,Entire home/apt,within an hour,4.79
137857,Entire home/apt,within an hour,4.55
284315,Entire home/apt,within an hour,4.55
534650,Entire home/apt,within an hour,4.55
109161,Entire home/apt,within an hour,4.8
540366,Entire home/apt,within an hour,4.8
733727,Entire home/apt,within an hour,4.8
614087,Entire home/apt,within an hour,4.8
649551,Entire home/apt,within an hour,4.8
591873,Private room,within an hour,4.56
600105,Entire home/apt,within an hour,4.56
614987,Entire home/apt,within an hour,4.56
22158,Private room,within an hour,4.81
192162,Entire home/apt,within an hour,4.81
81033,Entire home/apt,within an hour,4.81
312437,Entire home/apt,within an hour,4.81
233110,Entire home/apt,within an hour,4.81
486547,Entire home/apt,within an hour,4.81
14757,Entire home/apt,within an hour,4.57
21194,Entire home/apt,within an hour,4.57
214578,Entire home/apt,within an hour,4.57
339934,Entire home/apt,within an hour,4.57
343648,Entire home/apt,within an hour,4.57
479926,Entire home/apt,within an hour,4.57
613739,Entire home/apt,within an hour,4.57
736764,Entire home/apt,within an hour,4.57
751764,Entire home/apt,within an hour,4.57
344258,Private room,within an hour,4.82
510651,Private room,within an hour,4.82
562643,Private room,within an hour,4.82
539800,Entire home/apt,within an hour,4.82
591988,Entire home/apt,within an hour,4.82
786347,Entire home/apt,within an hour,4.82
559474,Entire home/apt,within an hour,4.58
591123,Private room,within an hour,4.58
55348,Entire home/apt,within an hour,4.83
291235,Entire home/apt,within an hour,4.83
87481,Entire home/apt,within an hour,4.83
252049,Entire home/apt,within an hour,4.83
524924,Entire home/apt,within an hour,4.83
546099,Entire home/apt,within an hour,4.83
740921,Entire home/apt,within an hour,4.83
16455,Entire home/apt,within an hour,4.34
90790,Entire home/apt,within an hour,4.34
383284,Entire home/apt,within an hour,4.59
307154,Entire home/apt,within an hour,4.84
114543,Entire home/apt,within an hour,4.84
458986,Entire home/apt,within an hour,4.84
729645,Entire home/apt,within an hour,4.84
248869,Entire home/apt,within an hour,4.6
343721,Entire home/apt,within an hour,4.6
522864,Entire home/apt,within an hour,4.6
722747,Entire home/apt,within an hour,4.6
615157,Private room,within an hour,4.6
507255,Entire home/apt,within an hour,4.85
558569,Entire home/apt,within an hour,4.85
599179,Entire home/apt,within an hour,4.85
747179,Entire home/apt,within an hour,4.85
137112,Entire home/apt,within an hour,4.61
193632,Entire home/apt,within an hour,4.61
61459,Entire home/apt,within an hour,4.61
240484,Entire home/apt,within an hour,4.61
536347,Entire home/apt,within an hour,4.61
558768,Entire home/apt,within an hour,4.61
215763,Entire home/apt,within an hour,4.86
580935,Entire home/apt,within an hour,4.86
462307,Entire home/apt,within an hour,4.37
466434,Entire home/apt,within an hour,4.37
277077,Entire home/apt,within an hour,4.62
81615,Entire home/apt,within an hour,4.62
325880,Entire home/apt,within an hour,4.62
262557,Entire home/apt,within an hour,4.62
518742,Entire home/apt,within an hour,4.62
540206,Entire home/apt,within an hour,4.62
27288,Entire home/apt,within an hour,4.87
509357,Entire home/apt,within an hour,4.87
729370,Private room,within an hour,4.87
657696,Entire home/apt,within an hour,4.63
788259,Private room,within an hour,4.63
270067,Entire home/apt,within an hour,4.88
390984,Entire home/apt,within an hour,4.88
571447,Private room,within an hour,4.88
749135,Entire home/apt,within an hour,4.88
41106,Entire home/apt,within an hour,4.64
69588,Entire home/apt,within an hour,4.64
74561,Entire home/apt,within an hour,4.64
221754,Entire home/apt,within an hour,4.64
232437,Entire home/apt,within an hour,4.64
311573,Entire home/apt,within an hour,4.64
575022,Entire home/apt,within an hour,4.64
730350,Entire home/apt,within an hour,4.64
317690,Entire home/apt,within an hour,4.89
352851,Entire home/apt,within an hour,4.89
212853,Entire home/apt,within an hour,4.65
229501,Entire home/apt,within an hour,4.65
9952,Entire home/apt,within an hour,4.9
32082,Entire home/apt,within an hour,4.9
171159,Entire home/apt,within an hour,4.41
556358,Entire home/apt,within an hour,4.41
20823,Entire home/apt,within an hour,4.66
75708,Entire home/apt,within an hour,4.66
436622,Entire home/apt,within an hour,4.66
631325,Entire home/apt,within an hour,4.91
148885,Entire home/apt,within an hour,4.42
215638,Entire home/apt,within an hour,4.42
336904,Private room,within an hour,4.42
444157,Entire home/apt,within an hour,4.42
615069,Entire home/apt,within an hour,4.42
151935,Entire home/apt,within an hour,4.67
252525,Private room,within an hour,4.67
617069,Entire home/apt,within an hour,4.67
787167,Entire home/apt,within an hour,4.92
515970,Entire home/apt,within an hour,4.43
336636,Private room,within an hour,4.68
543233,Entire home/apt,within an hour,4.68
479634,Entire home/apt,within an hour,4.68
554302,Entire home/apt,within an hour,4.68
599822,Entire home/apt,within an hour,4.68
17287,Entire home/apt,within an hour,4.93
113011,Entire home/apt,within an hour,4.93
275877,Entire home/apt,within an hour,4.44
471523,Entire home/apt,within an hour,4.44
168695,Entire home/apt,within an hour,4.69
348747,Entire home/apt,within an hour,4.69
479687,Entire home/apt,within an hour,4.69
590712,Entire home/apt,within an hour,4.69
740902,Entire home/apt,within an hour,4.94
31435,Private room,within an hour,4.45
38650,Entire home/apt,within an hour,4.45
539722,Entire home/apt,within an hour,4.45
185575,Entire home/apt,within an hour,4.7
93287,Entire home/apt,within an hour,4.7
42348,Entire home/apt,within an hour,4.71
55071,Entire home/apt,within an hour,4.71
60868,Entire home/apt,within an hour,4.71
247728,Entire home/apt,within an hour,4.71
375434,Entire home/apt,within an hour,4.71
607523,Entire home/apt,within an hour,4.71
731108,Entire home/apt,within an hour,4.71
728396,Entire home/apt,within an hour,4.96
7397,Entire home/apt,within an hour,4.72
282817,Entire home/apt,within an hour,4.72
65916,Entire home/apt,within an hour,4.72
214046,Entire home/apt,within an hour,4.72
342902,Entire home/apt,within an hour,4.72
371299,Entire home/apt,within an hour,4.72
528769,Entire home/apt,within an hour,4.72
652430,Entire home/apt,within an hour,4.72
742868,Private room,within an hour,4.72
408145,Entire home/apt,within an hour,4.48
566888,Entire home/apt,within an hour,4.48
657739,Entire home/apt,within an hour,4.48
314288,Private room,within an hour,4.73
409039,Entire home/apt,within an hour,4.73
509344,Entire home/apt,within an hour,4.73
366754,Entire home/apt,within an hour,4.73
440509,Entire home/apt,within an hour,4.73
593465,Entire home/apt,within an hour,4.73
656398,Entire home/apt,within an hour,4.73
154292,Entire home/apt,within an hour,4.74
120494,Entire home/apt,within an hour,4.74
407717,Entire home/apt,within an hour,4.74
451293,Entire home/apt,within an hour,4.74
562783,Entire home/apt,within an hour,4.74
566511,Shared room,within an hour,4.74
608289,Entire home/apt,within an hour,4.74
43500,Entire home/apt,a few days or more,2.33
44130,Entire home/apt,a few days or more,4.08
48498,Entire home/apt,a few days or more,4.1
180627,Entire home/apt,a few days or more,4.26
197609,Entire home/apt,a few days or more,3.67
551881,Entire home/apt,a few days or more,3.88
501192,Entire home/apt,a few days or more,3.2
81870,Entire home/apt,a few days or more,4.0
460301,Entire home/apt,a few days or more,4.0
256643,Entire home/apt,a few days or more,4.25
409618,Entire home/apt,a few days or more,4.25
284294,Entire home/apt,a few days or more,4.5
436357,Entire home/apt,a few days or more,4.76
341124,Entire home/apt,a few days or more,4.79
284505,Entire home/apt,a few days or more,4.6
486138,Entire home/apt,a few days or more,4.61
48584,Entire home/apt,a few days or more,4.37
508235,Entire home/apt,a few days or more,4.64
170327,Private room,a few days or more,4.67
323270,Entire home/apt,a few days or more,4.94
609302,Entire home/apt,a few days or more,4.73
371862,Entire home/apt,a few days or more,4.74
539876,Entire home/apt,within a few hours,4.13
748212,Entire home/apt,within a few hours,4.47
39666,Entire home/apt,within a few hours,4.5
318358,Entire home/apt,within a few hours,4.5
332670,Entire home/apt,within a few hours,4.5
470270,Entire home/apt,within a few hours,4.5
621726,Entire home/apt,within a few hours,4.5
165409,Entire home/apt,within a few hours,4.75
70586,Entire home/apt,within a few hours,4.75
784846,Entire home/apt,within a few hours,4.75
668533,Private room,within a few hours,4.75
186744,Entire home/apt,within a few hours,5.0
310103,Entire home/apt,within a few hours,5.0
456179,Entire home/apt,within a few hours,5.0
586024,Entire home/apt,within a few hours,5.0
753084,Entire home/apt,within a few hours,5.0
406902,Entire home/apt,within a few hours,4.51
586510,Entire home/apt,within a few hours,4.76
354929,Entire home/apt,within a few hours,4.52
178188,Entire home/apt,within a few hours,4.77
416129,Entire home/apt,within a few hours,4.77
740186,Entire home/apt,within a few hours,4.77
189378,Private room,within a few hours,4.53
77482,Entire home/apt,within a few hours,4.53
282008,Entire home/apt,within a few hours,4.78
225747,Entire home/apt,within a few hours,4.78
266725,Entire home/apt,within a few hours,4.78
463726,Entire home/apt,within a few hours,4.78
476708,Private room,within a few hours,4.78
485465,Entire home/apt,within a few hours,4.78
596798,Entire home/apt,within a few hours,4.78
751281,Entire home/apt,within a few hours,4.78
432537,Entire home/apt,within a few hours,4.29
349335,Entire home/apt,within a few hours,4.54
138548,Entire home/apt,within a few hours,4.79
11798,Entire home/apt,within a few hours,4.79
274590,Entire home/apt,within a few hours,4.79
298548,Entire home/apt,within a few hours,4.79
729482,Entire home/apt,within a few hours,4.79
11213,Private room,within a few hours,4.55
153190,Entire home/apt,within a few hours,4.8
538767,Entire home/apt,within a few hours,4.8
663351,Entire home/apt,within a few hours,4.56
81106,Entire home/apt,within a few hours,4.81
95915,Entire home/apt,within a few hours,4.81
489136,Private room,within a few hours,4.81
595610,Entire home/apt,within a few hours,4.81
332387,Entire home/apt,within a few hours,4.57
783167,Entire home/apt,within a few hours,4.57
274877,Entire home/apt,within a few hours,4.82
230036,Entire home/apt,within a few hours,4.82
748166,Private room,within a few hours,4.82
240930,Entire home/apt,within a few hours,4.58
325333,Entire home/apt,within a few hours,4.58
175338,Entire home/apt,within a few hours,4.83
253877,Entire home/apt,within a few hours,4.83
522428,Entire home/apt,within a few hours,4.83
498449,Entire home/apt,within a few hours,4.83
417242,Entire home/apt,within a few hours,4.59
622120,Entire home/apt,within a few hours,4.59
11265,Entire home/apt,within a few hours,4.84
289647,Private room,within a few hours,4.84
552628,Private room,within a few hours,4.84
558304,Private room,within a few hours,4.84
557051,Entire home/apt,within a few hours,4.35
615971,Entire home/apt,within a few hours,4.35
56662,Entire home/apt,within a few hours,4.85
201257,Entire home/apt,within a few hours,4.85
108591,Entire home/apt,within a few hours,4.85
784610,Private room,within a few hours,4.85
750299,Entire home/apt,within a few hours,4.85
489419,Entire home/apt,within a few hours,4.61
588211,Entire home/apt,within a few hours,4.61
86053,Entire home/apt,within a few hours,4.86
323132,Entire home/apt,within a few hours,4.86
462473,Entire home/apt,within a few hours,4.86
541503,Entire home/apt,within a few hours,4.86
585633,Entire home/apt,within a few hours,4.86
302727,Entire home/apt,within a few hours,4.37
452481,Entire home/apt,within a few hours,4.62
461860,Entire home/apt,within a few hours,4.62
54377,Private room,within a few hours,4.87
35065,Entire home/apt,within a few hours,4.63
47155,Entire home/apt,within a few hours,4.63
21419,Entire home/apt,within a few hours,4.63
59182,Entire home/apt,within a few hours,4.63
502895,Entire home/apt,within a few hours,4.63
568784,Entire home/apt,within a few hours,4.63
139889,Entire home/apt,within a few hours,4.88
507108,Entire home/apt,within a few hours,4.88
532504,Entire home/apt,within a few hours,4.88
569654,Entire home/apt,within a few hours,4.88
24260,Entire home/apt,within a few hours,4.64
163384,Private room,within a few hours,4.64
301233,Entire home/apt,within a few hours,4.64
94270,Entire home/apt,within a few hours,4.64
732458,Entire home/apt,within a few hours,4.64
644315,Entire home/apt,within a few hours,4.64
449093,Entire home/apt,within a few hours,4.89
11487,Entire home/apt,within a few hours,4.4
297658,Entire home/apt,within a few hours,4.4
497821,Entire home/apt,within a few hours,4.4
474612,Entire home/apt,within a few hours,4.65
22979,Private room,within a few hours,4.9
372879,Entire home/apt,within a few hours,4.66
518650,Private room,within a few hours,4.66
587868,Entire home/apt,within a few hours,4.66
209796,Private room,within a few hours,4.91
451629,Entire home/apt,within a few hours,4.91
567001,Entire home/apt,within a few hours,4.91
607363,Entire home/apt,within a few hours,4.91
665843,Private room,within a few hours,4.91
308572,Entire home/apt,within a few hours,4.42
728737,Entire home/apt,within a few hours,4.42
431420,Entire home/apt,within a few hours,4.67
459950,Entire home/apt,within a few hours,4.92
130420,Entire home/apt,within a few hours,4.43
33814,Entire home/apt,within a few hours,4.43
513757,Entire home/apt,within a few hours,4.43
440985,Entire home/apt,within a few hours,4.68
731081,Entire home/apt,within a few hours,4.68
525128,Entire home/apt,within a few hours,4.44
213360,Entire home/apt,within a few hours,4.69
537443,Entire home/apt,within a few hours,4.69
314903,Entire home/apt,within a few hours,4.94
560544,Entire home/apt,within a few hours,4.94
621314,Entire home/apt,within a few hours,4.45
20176,Entire home/apt,within a few hours,4.7
306538,Entire home/apt,within a few hours,4.7
726854,Entire home/apt,within a few hours,4.7
546396,Entire home/apt,within a few hours,4.96
40899,Entire home/apt,within a few hours,4.72
187570,Entire home/apt,within a few hours,4.72
521080,Entire home/apt,within a few hours,4.72
564915,Entire home/apt,within a few hours,4.72
420805,Entire home/apt,within a few hours,4.48
537192,Entire home/apt,within a few hours,4.48
575286,Entire home/apt,within a few hours,4.48
718659,Entire home/apt,within a few hours,4.73
167998,Entire home/apt,within a few hours,4.49
563514,Private room,within a few hours,4.49
33114,Entire home/apt,within a few hours,4.74
299199,Entire home/apt,within a few hours,4.74